Sample,Vp0(cc),Vp (cc),PHI0(%),Phi(%),K[n2](mD),Pc(psi),Kabs(mD),b[n2](psi),α(μm),β(ft⁻¹),BulkDensity (g/cm³),Gas,Vb(cc),GrainDensity (g/cc),Date,Time,Length(mm),Diameter(mm),Weight(g),Vb-Vp
PFJ01A,2.298616529,2.224828348,12.88406635,12.52226452,0.4695405,1000,0.291412,9.168899,402.2825795,4.26E+11,2.516409503,N2,17.76698092,2.876628538,7/26/2019 18:38,18:38:44,NaN,NaN,44.70899963,15.54215257
PFJ01B,2.023489682,1.984149358,17.86481137,17.57854148,14.05176,1000,12.11913,2.392051,1069.796895,2.73E+10,2.016684615,N2,11.2873378,2.446795593,7/29/2019 13:23,13:23:21,NaN,NaN,22.76300049,9.303188442
PFJ01C1,2.608144615,2.527142848,13.21907083,12.8613249,11.19942,1000,9.441005,2.79379,4505.590793,1.47E+11,2.132558894,N2,19.6491642,2.447316179,7/26/2019 10:06,10:06:56,NaN,NaN,41.90299988,17.12202135
PFJ01C2,3.969459836,3.915401451,22.19774116,21.96183053,276.0228,1000,259.9997,0.9244114,24.81065276,2.95E+07,1.955103589,N2,17.82821084,2.50531708,7/26/2019 17:32,17:32:51,NaN,NaN,34.85599899,13.91280939
PFJ01D1,1.590143642,1.524172543,10.17725076,9.796385139,0.186741,1000,0.09624668,14.1035,2655.03517,8.52E+12,2.451132983,N2,15.55852002,2.717333432,7/29/2019 12:06,12:06:14,NaN,NaN,38.13600159,14.03434748
PFJ01D2,1.910494951,1.844321127,12.103265,11.7332323,2.06465,1000,1.540509,5.103585,500.1997439,1.00E+11,2.321350448,N2,15.71878132,2.629925745,7/29/2019 13:06,13:06:54,NaN,NaN,36.48880005,13.87446019
PFJ01E,1.712825414,1.636587401,9.392728198,9.012334999,0.168858,1000,0.08762284,13.9065,1331.269414,4.69E+12,2.414229602,N2,18.15941597,2.653359224,7/26/2019 11:42,11:42:00,NaN,NaN,43.8409996,16.52282857
PFJ01F,2.080281692,1.998578924,10.77451027,10.39533256,0.08381093,1000,0.03536301,20.55026,989.0945218,8.64E+12,2.357881481,N2,19.2257334,2.631427076,7/26/2019 10:35,10:35:41,NaN,NaN,45.33200073,17.22715448
PFJ01G1,1.738383011,1.660290923,9.288273993,8.908193221,0.1982769,1000,0.1072311,12.73592,908.39867,2.62E+12,2.416541113,N2,18.63779649,2.652863301,7/26/2019 18:22,18:22:16,NaN,NaN,45.03900146,16.97750557
PFJ01G2,2.398369904,2.328681016,13.88686715,13.53798641,0.1827201,1000,0.09211486,14.75418,691.2691669,2.32E+12,2.329212989,N2,17.20108844,2.69391481,7/29/2019 11:33,11:33:28,NaN,NaN,40.06499863,14.87240742
PFJ01H,2.621830198,2.546979839,14.06240228,13.7160013,0.2515752,1000,0.1420151,11.57201,403.1776144,8.77E+11,2.325814912,N2,18.56940505,2.695534452,7/26/2019 16:47,16:47:34,NaN,NaN,43.18899918,16.02242521
PFJ01I,2.409882133,2.331974346,12.81222492,12.44959153,0.1442669,1000,0.07808413,12.71373,884.9580522,3.50E+12,2.318308104,N2,18.7313322,2.647969489,7/26/2019 17:15,17:15:42,NaN,NaN,43.42499924,16.39935785
PFJ01K,1.159729897,1.09620594,6.936530389,6.581589974,0.04819361,1000,0.01589307,30.48549,172.7393144,3.36E+12,2.515424181,N2,16.65564012,2.692642896,7/29/2019 12:23,12:23:44,NaN,NaN,41.89599991,15.55943418
PFJ01L,2.045663515,1.973286779,11.8822592,11.51024733,0.1305405,1000,0.05122653,23.22448,235.9940301,1.42E+12,2.366928168,N2,17.14373916,2.674804818,7/29/2019 11:50,11:50:05,NaN,NaN,40.57799911,15.17045238
PFJ01M,1.446475853,1.372948808,7.847498117,7.478426924,0.03421463,1000,0.01008354,35.89675,189.1952193,5.79E+12,2.38795675,N2,18.35879153,2.580972924,7/26/2019 11:24,11:24:10,NaN,NaN,43.84000015,16.98584272
PFJ01N,1.820721391,1.75562617,11.77296536,11.40003735,0.3302144,1000,0.1965472,10.20116,1944.771572,3.06E+12,2.381855398,N2,15.40017911,2.688325511,7/29/2019 12:50,12:50:27,NaN,NaN,36.68099976,13.64455294
PFJ02A,2.691747248,2.624305491,15.35033601,15.02351403,0.1536079,1000,0.08365369,12.54353,722.1461945,2.67E+12,2.226919402,N2,17.46798709,2.620630138,7/23/19 14:36,14:36:36,NaN,NaN,38.89979935,14.84368159
PFJ02B,2.142855925,2.073051899,12.73467651,12.37116139,0.1444913,1000,0.07935811,12.31125,1482.498396,5.77E+12,2.35092127,N2,16.75713244,2.682816876,7/23/19 14:52,14:52:18,NaN,NaN,39.3946991,14.68408055
PFJ02D,3.032173215,2.952740858,14.91250328,14.57880063,5.004592,1000,3.982927,3.847664,139.5867483,1.08E+10,2.230564693,N2,20.253661,2.611254243,7/23/19 15:07,15:07:11,NaN,NaN,45.17710114,17.30092014
PFJ02E,1.573083545,1.501314337,9.111912563,8.732499692,0.07322901,1000,0.02993321,21.6962,1010.926161,1.04E+13,2.443697985,N2,17.19226327,2.677511685,7/23/19 15:21,15:21:57,NaN,NaN,42.01269913,15.69094894
PFJ02F,1.915673399,1.832822291,9.715946431,9.334966772,0.03324122,1000,0.009747364,36.15417,190.482607,6.04E+12,2.44806127,N2,19.63394553,2.700116222,7/23/19 15:37,15:37:48,NaN,NaN,48.06510162,17.80112324
PFJ02G,1.832143281,1.756168217,10.18246391,9.801605697,0.07129778,1000,0.02888315,22.02736,224.1509157,2.40E+12,2.435867493,N2,17.91714818,2.700566359,7/23/19 15:52,15:52:20,NaN,NaN,43.64379883,16.16097997
PFJ02H,2.540186588,2.46733819,14.01740664,13.6703647,0.3145574,1000,0.175061,11.95267,469.3497026,8.28E+11,2.340226289,N2,18.04881029,2.710802937,7/23/19 16:06,16:06:16,NaN,NaN,42.23830032,15.5814721
PFJ02I,1.928510144,1.857397561,11.447959,11.07256411,0.09520068,1000,0.04150418,19.40642,650.1745001,4.84E+12,2.517965448,N2,16.7747736,2.831483245,7/23/19 16:20,16:20:24,NaN,NaN,42.23830032,14.91737604
PFJ02J,2.430153763,2.360336392,13.99964406,13.65235008,0.6452113,1000,0.4194768,8.072001,140.5214131,1.03E+11,2.29725315,N2,17.28886513,2.660469801,7/23/19 16:32,16:32:25,NaN,NaN,39.71689987,14.92852873
PFJ02K,1.824952289,1.745826999,9.687945253,9.306994116,0.03425579,1000,0.01015726,35.58813,188.9197807,5.74E+12,2.392790149,N2,18.75822609,2.638340328,7/23/19 16:46,16:46:29,NaN,NaN,44.8844986,17.01239909
PFJ03A,2.153292841,2.084384384,12.91569347,12.55426213,0.1818662,1000,0.09549271,13.56755,673.472563,2.18E+12,2.34686476,N2,16.60300194,2.683795479,7/30/2019 16:46,16:46:17,NaN,NaN,38.96500015,14.51861756
PFJ03B,2.249133381,2.174347683,12.52458315,12.15876517,0.3489855,1000,0.2101861,9.905464,507.9265786,7.46E+11,2.356337585,N2,17.8829647,2.682495971,7/30/2019 14:47,14:47:21,NaN,NaN,42.13830185,15.70861702
PFJ03C,2.021388861,1.949789682,11.87040026,11.49828694,0.4912919,1000,0.3075094,8.964728,267.011356,2.68E+11,2.390427355,N2,16.95721887,2.700995576,7/30/2019 15:26,15:26:44,NaN,NaN,40.53499985,15.00742919
PFJ03D,2.005939021,1.934152072,11.7627869,11.38977573,0.286619,1000,0.1651489,11.03278,523.0884092,9.78E+11,2.375411916,N2,16.98147634,2.680742471,7/30/2019 14:10,14:10:38,NaN,NaN,40.33800125,15.04732427
PFJ03E,1.629872623,1.553965701,8.8756555,8.497420694,0.0161623,1000,0.003639546,51.61119,231.965457,1.97E+13,2.442050773,N2,18.28749873,2.668832716,7/29/2019 15:01,15:01:43,NaN,NaN,44.6590004,16.73353303
PFJ03F1,2.508530097,2.424416381,12.43839531,12.07167017,7.627794,1000,6.210619,3.422787,224.6061764,1.12E+10,2.355762265,N2,20.08352073,2.679184592,8/21/19 14:07,14:07:48,NaN,NaN,47.31200027,17.65910435
PFJ03F2,3.102591978,3.029160691,15.90931036,15.59148093,19.26813,1000,16.93657,2.064965,293.9528786,5.36E+09,2.229530509,N2,19.42830642,2.641357215,8/21/19 11:58,11:58:44,NaN,NaN,43.31600189,16.39914573
PFJ03G,3.021335475,2.96050173,17.51037555,17.21851576,4.470365,1000,3.529362,3.999319,111.6842515,9.77E+09,2.208016761,N2,17.19371038,2.667283368,7/29/2019 16:24,16:24:31,NaN,NaN,37.9640007,14.23320865
PFJ03H,2.46226089,2.387426716,13.43703604,13.08207661,0.1650615,1000,0.08620464,13.72145,798.5991456,2.86E+12,2.32317411,N2,18.24960048,2.672836648,7/29/2019 16:00,16:00:41,NaN,NaN,42.39699936,15.86217376
PFJ03I,1.675060197,1.599872499,9.297296808,8.917186629,0.02931301,1000,0.008239373,38.36513,196.9944246,7.38E+12,2.449863517,N2,17.94144909,2.689709976,8/21/19 13:31,13:31:24,NaN,NaN,43.95410156,16.34157659
PFJ03J,1.991900892,1.93788232,14.57134247,14.23242177,0.4574486,1000,0.252096,12.21871,313.8617771,3.84E+11,2.289150164,N2,13.61597029,2.669015742,7/29/2019 15:36,15:36:16,NaN,NaN,31.16900063,11.67808797
PFJ03K,2.395706226,2.322116929,13.33010674,12.97376647,0.07294931,1000,0.02980923,21.70808,950.2815601,9.85E+12,2.354284923,N2,17.89855656,2.705258895,7/30/2019 15:04,15:04:02,NaN,NaN,42.13830185,15.57643963
PFJ03L,2.368395522,2.288278618,12.34778743,11.98013302,0.1193023,1000,0.05837311,15.65683,695.5796645,3.68E+12,2.37290844,N2,19.10061111,2.695878239,7/29/2019 14:33,14:33:55,NaN,NaN,45.32400131,16.81233249
PFJ04A,1.639259166,1.577579649,11.23387502,10.85707595,0.07983905,1000,0.03340995,20.84518,591.4454573,5.47E+12,2.381423235,N2,14.53042841,2.671466368,7/30/2019 17:27,17:27:01,NaN,NaN,34.60309982,12.95284876
PFJ04B1,1.537098139,1.476419723,10.71934656,10.33994426,0.05599263,1000,0.02140692,24.23449,79.45778835,1.15E+12,2.393261806,N2,14.27879769,2.66926201,7/30/2019 17:41,17:41:28,NaN,NaN,34.17290115,12.80237797
PFJ04B2,2.482828465,2.409124606,13.67308626,13.32126456,0.6803484,1000,0.44587,7.888341,296.3883191,2.05E+11,2.298642499,N2,18.08480416,2.651910514,7/30/2019 17:57,17:57:43,NaN,NaN,41.57049942,15.67567955
PFJ04C,2.541845698,2.45168974,11.85628398,11.48405055,0.4567215,1000,0.2836788,9.14993,403.1664958,4.39E+11,2.362055725,N2,21.34864985,2.668508602,7/30/2019 18:15,18:15:08,NaN,NaN,50.42670059,18.89696011
PFJ04D,2.100640801,2.023748832,11.52563086,11.15078954,0.1810512,1000,0.09734603,12.89809,758.390188,2.41E+12,2.365280091,N2,18.1489286,2.66212843,7/31/2019 11:02,11:02:12,NaN,NaN,42.9272995,16.12517977
PFJ04F,0.633841541,0.588717468,3.445195409,3.207794793,0.02677254,1000,0.007233446,40.51822,202.1918806,8.63E+12,2.587050369,N2,18.35271598,2.67278792,7/31/2019 11:24,11:24:46,NaN,NaN,47.47940063,17.76399851
PFJ04G,1.157885379,1.091267822,6.31888442,5.977064511,0.0792167,1000,0.03034219,24.16167,151.7830911,1.54E+12,1.771800328,N2,18.25758815,1.884434174,7/31/2019 11:44,11:44:40,NaN,NaN,32.34880066,17.16632033
PFJ04H,1.496719746,1.450257846,13.2238676,12.86618178,0.1728507,1000,0.09311648,12.84427,586.399291,1.94E+12,2.324221748,N2,11.27185882,2.66741639,7/31/2019 12:03,12:03:26,NaN,NaN,26.19829941,9.821600974
PFJ04I,1.86443254,1.800823557,12.25983426,11.8913023,0.193335,1000,0.1036936,12.96726,537.3278065,1.60E+12,2.367855509,N2,15.14403984,2.687425386,7/31/2019 12:21,12:21:14,NaN,NaN,35.85889816,13.34321628
PFJ04J (45),2.091200645,2.034928602,14.64811812,14.31035896,1.602325,1000,1.15472,5.814459,95.69439698,2.56E+10,2.286924857,N2,14.21996895,2.668846349,7/31/2019 12:37,12:37:19,NaN,NaN,32.52000046,12.18504035
PFJ04K,1.0853032,1.048477617,12.31624371,11.94827177,0.2284047,1000,0.1274972,11.87173,319.4328682,7.74E+11,2.339164946,N2,8.775140348,2.656580391,7/31/2019 13:24,13:24:29,NaN,NaN,20.5265007,7.726662731
PFJ04L,1.659912072,1.609862098,13.51675444,13.16284121,0.5138828,1000,0.3248885,8.725808,538.5972409,5.12E+11,2.319785599,N2,12.23035417,2.671420428,7/31/2019 13:08,13:08:53,NaN,NaN,28.37179947,10.62049207
PFJ05A,2.231619168,2.158638933,12.6947554,12.33079294,1.100779,1000,0.7629253,6.642602,334.9674742,1.36E+11,2.334902579,N2,17.50608371,2.663309796,8/21/19 15:59,15:59:30,NaN,NaN,40.875,15.34744477
PFJ05B,2.515142577,2.451118121,15.19457792,14.86528788,0.6176708,1000,0.4068847,7.770734,757.2830844,5.75E+11,2.251275949,N2,16.48887086,2.644369016,7/31/19 13:47,13:47:00,NaN,NaN,37.12099838,14.03775274
PFJ05C,2.517707987,2.454022844,15.25678162,14.92847479,1.144448,1000,0.8195551,5.946395,375.3062447,1.41E+11,2.26720906,N2,16.43853695,2.665062198,7/31/19 14:07,14:07:56,NaN,NaN,37.26959991,13.98451411
PFJ05D1,2.266395381,2.200654198,13.90397798,13.55533646,0.3804116,1000,0.2304094,9.765374,437.8596495,5.87E+11,2.314747905,N2,16.23459664,2.677722152,8/21/19 12:50,12:50:00,NaN,NaN,37.57899857,14.03394245
PFJ05D2,2.125862726,2.058776684,13.05758649,12.69784974,0.3443646,1000,0.20447,10.26272,376.522351,5.69E+11,2.347784371,N2,16.21358519,2.689262938,8/21/19 15:20,15:20:12,NaN,NaN,38.06600189,14.1548085
PFJ05E1,2.23163351,2.160913813,13.01509374,12.65484402,1.029597,1000,0.7070879,6.841641,419.1382303,1.83E+11,2.351476312,N2,17.07578385,2.69216568,7/31/19 14:23,14:23:30,NaN,NaN,40.15330124,14.91487004
PFJ05E2,2.389959044,2.32447226,14.46925186,14.12879913,1.422798,1000,0.9851173,6.664393,343.4249304,1.08E+11,2.285263948,N2,16.45201576,2.661269348,7/31/19 14:39,14:39:26,NaN,NaN,37.59719849,14.1275435
PFJ05F1,2.488635371,2.402131385,12.06659297,11.69622041,0.503801,1000,0.3137637,9.085054,302.8413284,2.98E+11,2.358933308,N2,20.53767202,2.671384304,8/21/19 16:55,16:55:19,NaN,NaN,48.4469986,18.13554063
PFJ05F2,1.824519777,1.753522757,10.87431895,10.49558165,0.1229186,1000,0.06253412,14.48437,1149.093638,5.67E+12,2.395511345,N2,16.70724707,2.676416862,7/31/19 14:55,14:55:17,NaN,NaN,40.0223999,14.95372431
PFJ05G,1.807051716,1.739033378,11.22990475,10.85308137,13.84331,1000,11.95559,2.368419,542.8890592,1.40E+10,2.368909473,N2,16.02340681,2.657309428,7/31/19 15:10,15:10:13,NaN,NaN,37.95800018,14.28437343
PFJ05H1,2.559439092,2.509128831,17.75307168,17.46505133,8.007445,1000,6.603494,3.189109,60.89334399,2.85E+09,2.21362512,N2,14.36657003,2.682045795,7/31/19 15:25,15:25:36,NaN,NaN,31.80220032,11.8574412
PFJ05H2,3.053883531,2.986045144,16.53280665,16.22513792,2.769416,1000,2.097431,4.805767,102.6028672,1.51E+10,2.199326129,N2,18.40381979,2.625281707,8/21/19 17:18,17:18:05,NaN,NaN,40.47600174,15.41777465
PFJ05I,1.397391392,1.32864099,8.235728356,7.86239559,0.03853616,1000,0.01185966,33.74019,183.1547902,4.77E+12,2.454635584,N2,16.89867897,2.664097466,7/31/19 15:41,15:41:55,NaN,NaN,41.48009872,15.57003798
PFJ05J,2.158663872,2.087697163,12.6409748,12.27641686,0.4669453,1000,0.2885514,9.273588,184.0182375,1.97E+11,2.350733958,N2,17.00575329,2.679705814,7/31/19 15:58,15:58:33,NaN,NaN,39.97600174,14.91805613
PFJ05K,1.865827918,1.796388333,11.35020487,10.9741464,0.3004305,1000,0.1731476,11.02669,486.6897164,8.68E+11,2.390533426,N2,16.36927619,2.685212586,7/31/19 16:13,16:13:50,NaN,NaN,39.13130188,14.57288785
PFJ06A1,0.967625706,0.910876461,6.073569021,5.73780496,0.0249131,1000,0.006575226,41.83402,206.0870169,9.68E+12,2.496945087,N2,15.87499867,2.64893586,1/8/19 12:41,12:41:07,NaN,NaN,39.63899994,14.96412221
PFJ06A2,1.269607962,1.196339501,6.280050437,5.939156377,0.02743244,1000,0.007501324,39.8552,200.7267169,8.26E+12,2.490773947,N2,20.14325647,2.648045511,1/8/19 14:14,14:14:39,NaN,NaN,50.17229843,18.94691697
PFJ06B,1.165911147,1.104907581,7.498852008,7.13448502,0.0115784,1000,0.002275727,61.31668,254.8054537,3.46E+13,2.497601496,N2,15.48685824,2.689482201,1/8/19 12:25,12:25:21,NaN,NaN,38.68000031,14.38195066
PFJ06D,0.916032084,0.865579585,6.86807929,6.514447096,0.02501588,1000,0.006586211,41.97331,206.0182239,9.66E+12,2.398947534,N2,13.28707675,2.56611579,1/8/19 10:52,10:52:47,NaN,NaN,31.875,12.42149717
PFJ06E,1.629757212,1.5547946,9.01873931,8.63975179,0.6105054,1000,0.3820671,8.968516,30883.82681,2.50E+13,2.446623019,N2,17.99582485,2.677995153,8/21/19 13:11,13:11:02,NaN,NaN,44.02899933,16.44103025
PFJ06F,1.452327749,1.387388551,9.341012719,8.960766558,15.0942,1000,13.08929,2.297584,947.8861126,2.24E+10,2.498236366,N2,15.48292261,2.744131592,1/8/19 11:42,11:42:13,NaN,NaN,38.68000031,14.09553406
PFJ06G,1.301212497,1.232110896,7.317863248,6.956277546,0.02401221,1000,0.006259296,42.54371,208.1266387,1.03E+13,2.262901579,N2,17.71221588,2.432084099,1/8/19 13:56,13:56:36,NaN,NaN,40.08100128,16.48010498
PFJ06H1,0.917701648,0.86143595,5.495999074,5.176473997,0.01570845,1000,0.003489445,52.52558,233.9276163,2.07E+13,2.46794652,N2,16.64136535,2.602673223,1/8/19 13:20,13:20:52,NaN,NaN,41.06999969,15.7799294
PFJ06H2,0.441027445,0.415855458,6.420343703,6.076163423,0.01477026,1000,0.003205489,54.11705,237.9325747,2.29E+13,2.423858517,N2,6.844046625,2.580663871,1/8/19 14:31,14:31:50,NaN,NaN,16.5890007,6.428191167
PFJ06I,0.321547087,0.298551256,3.379856769,3.145745928,0.01516881,1000,0.003323528,53.46102,236.2179466,2.20E+13,2.528176475,N2,9.490634739,2.610289553,1/8/19 13:03,13:03:00,NaN,NaN,23.99399948,9.192083483
PFJ06J,0.909747961,0.855680849,5.902540012,5.571290627,0.5425337,1000,0.3441562,8.646257,6188.397774,5.55E+12,2.465434367,N2,15.35875448,2.610894911,1/8/19 11:09,11:09:05,NaN,NaN,37.86600113,14.50307363
PFJ06K1,1.688122172,1.60650672,8.441185576,8.065998273,0.03875261,1000,0.01194864,33.64897,182.881192,4.73E+12,2.433496153,N2,19.91702286,2.647003402,7/31/2019 16:33,16:33:59,NaN,NaN,48.4679985,18.31051614
PFJ06K2,1.280303694,1.21084142,7.05473371,6.697617666,56.74499,1000,51.06749,1.667649,34.35610102,2.08E+08,2.468873748,N2,18.07868827,2.646099367,1/8/19 11:26,11:26:30,NaN,NaN,44.63399887,16.86784685
PFJ06L,1.370412244,1.312105826,9.89848168,9.517416993,0.09024683,1000,0.04539218,14.82237,2301.683843,1.57E+13,2.435740119,N2,13.7863648,2.691943618,7/31/2019 16:50,16:50:52,NaN,NaN,33.58000183,12.47425897
PFJ06M,1.228871315,1.16762799,8.083212731,7.711434243,0.0223667,1000,0.005680494,44.06185,212.2049673,1.15E+13,2.478219497,N2,15.14151523,2.685294193,1/8/19 13:40,13:40:28,NaN,NaN,37.52399826,13.97388724
PFJ07A1,2.187992462,2.114945827,12.48319262,12.1169362,0.6430401,1000,0.4268886,7.595127,1632.192541,1.18E+12,2.3557416,N2,17.45446037,2.680541048,8/21/19 14:22,14:22:59,NaN,NaN,41.11819839,15.33951454
PFJ07A2,2.556677932,2.486673788,14.47643248,14.13608703,4.54748,1000,3.675689,3.557663,1498.514171,1.26E+11,2.291915579,N2,17.59096264,2.669241943,8/21/19 12:35,12:35:49,NaN,NaN,40.31700134,15.10428886
PFJ07B,2.120354397,2.035363566,10.55383947,10.17384532,166.9897,1000,155.4163,1.117002,27.50004756,5.46E+07,2.279333967,N2,20.00584344,2.537494758,8/5/19 10:22,10:22:12,NaN,NaN,45.59999847,17.97047987
PFJ07B2.1,1.5227142,1.445143298,7.821429546,7.452680905,16.91297,1000,14.71835,2.236619,6772.575591,1.42E+11,2.13966147,N2,19.39091873,2.311964832,8/5/19 10:35,10:35:13,NaN,NaN,41.49000168,17.94577543
PFJ07B2.2,1.442753758,1.382171891,10.04432933,9.66332009,18.98185,1000,16.62827,2.123112,1310.623707,2.43E+10,2.265214535,N2,14.30328167,2.50752467,8/5/19 10:49,10:49:33,NaN,NaN,32.40000153,12.92110978
PFJ07C1,3.291741088,3.230883803,18.38276579,18.104437,3.248002,1000,2.519946,4.33376,298.8227429,3.66E+10,2.168520051,N2,17.84581207,2.647909083,8/21/19 11:08,11:08:56,NaN,NaN,38.69900131,14.61492827
PFJ07C2,2.9495049,2.886675169,16.9475136,16.64659752,4.362447,1000,3.481014,3.798173,314.719243,2.79E+10,2.216547536,N2,17.34093208,2.659216625,8/21/19 12:15,12:15:59,NaN,NaN,38.43700027,14.45425691
PFJ07D1,2.284774437,2.210744212,12.78921149,12.4263147,44.41481,1000,40.3028,1.53042,182.4320725,1.40E+09,2.253408402,N2,17.7908275,2.573156987,8/5/19 11:03,11:03:39,NaN,NaN,40.09000015,15.58008328
PFJ07D2,4.065927269,3.993175795,18.72671501,18.45347186,18.7772,1000,16.35406,2.222507,113.82331,2.15E+09,2.159049018,N2,21.63915725,2.647628376,8/5/19 11:20,11:20:40,NaN,NaN,46.72000122,17.64598146
PFJ07E1,1.537488739,1.474084586,10.24336267,9.862600906,0.1396242,1000,0.06839764,15.6204,1182.848474,5.34E+12,2.403285468,N2,14.94620537,2.666246744,8/5/19 11:37,11:37:26,NaN,NaN,35.91999817,13.47212078
PFJ07E2,2.045467477,1.968398916,11.21938824,10.84250075,0.08581298,1000,0.03643739,20.3262,1092.594916,9.26E+12,2.358647299,N2,18.15447342,2.645483911,8/5/19 11:53,11:53:10,NaN,NaN,42.81999969,16.18607451
PFJ07F,2.075182479,2.008790889,12.91832997,12.55692964,0.3616156,1000,0.2197244,9.686535,542.4472275,7.62E+11,2.676673447,N2,15.9974687,3.06104696,8/5/19 12:08,12:08:52,NaN,NaN,42.81999969,13.98867782
PFJ07G,1.588121949,1.491515934,5.59948593,5.276841142,0.01146099,1000,0.002264849,60.9057,255.0497686,3.48E+13,2.513716714,N2,28.26531808,2.653750935,8/21/19 16:17,16:17:04,NaN,NaN,71.0510025,26.77380215
PFJ07H,1.434409258,1.364276831,8.309320423,7.935292117,0.01560027,1000,0.003466937,52.49589,234.2305707,2.09E+13,2.460371992,N2,17.19252185,2.672437733,8/5/19 13:19,13:19:27,NaN,NaN,42.29999924,15.82824502
PFJ07I,0.9861498046,0.9270226713,5.788087909,5.459996648,0.01143791,1000,0.002245603,61.40203,255.4854382,3.51E+13,2.513775184,N2,16.97844763,2.658953982,8/5/19 13:00,13:00:41,NaN,NaN,42.68000031,16.05142496
PFJ07J1,1.298586175,1.230822183,7.531309667,7.166468711,0.03254588,1000,0.009470165,36.55013,191.5848924,6.25E+12,2.450110346,N2,17.17473741,2.639251478,8/5/19 13:36,13:36:13,NaN,NaN,42.08000183,15.94391523
PFJ07J2,1.29189684,1.223003284,7.266818852,6.906060406,0.02991108,1000,0.008455609,38.06137,195.9764049,7.16E+12,2.428690506,N2,17.709131,2.60885995,8/5/19 13:55,13:55:59,NaN,NaN,43.00999832,16.48612772
PFJ07K1,1.440757873,1.379975727,9.992487152,9.611445833,0.06050364,1000,0.02364881,23.37634,673.3400446,8.79E+12,2.384795001,N2,14.35762892,2.638381622,8/5/19 14:14,14:14:27,NaN,NaN,34.24000168,12.97765319
PFJ07K2,1.640032909,1.57567935,10.78431444,10.40517806,0.0905343,1000,0.04238547,17.03962,698.5713074,5.09E+12,2.389187529,N2,15.14322332,2.666658047,8/5/19 14:30,14:30:35,NaN,NaN,36.18000031,13.56754397
PFJ08A,1.561963819,1.500119265,10.6870225,10.30749489,0.04931949,1000,0.01646669,29.92661,171.5187184,3.22E+12,2.406897397,N2,14.5536746,2.68349891,8/5/19 15:37,15:37:09,NaN,NaN,35.02920151,13.05355533
PFJ08B,1.666768358,1.60819561,11.95295074,11.58155376,0.3505725,1000,0.2097007,10.07663,410.5290595,6.05E+11,2.366151955,N2,13.88583642,2.676084071,8/5/19 15:21,15:21:31,NaN,NaN,32.85599899,12.27764081
PFJ08C,1.945599578,1.88109998,12.55527956,12.18979003,0.8367599,1000,0.5425953,8.132157,559.1840236,3.18E+11,1.817594871,N2,15.43176688,2.069912909,8/6/19 10:21,10:21:08,NaN,NaN,28.04870033,13.5506669
PFJ08D,1.530296977,1.470896514,10.9009953,10.52238304,0.07330287,1000,0.0319848,19.37705,1445.992396,1.40E+13,2.381044472,N2,13.97873949,2.661050387,8/6/19 11:39,11:39:51,NaN,NaN,33.2840004,12.50784298
PFJ08F,1.19446412,1.138338923,8.773105031,8.395485038,0.3512217,1000,0.2174451,9.228305,46.01430167,6.54E+10,2.465487506,N2,13.55894171,2.691447586,8/6/19 10:36,10:36:57,NaN,NaN,33.4294014,12.42060279
PFJ08G,1.216269922,1.159129357,8.774975046,8.397343272,0.06433405,1000,0.02542546,22.9545,1454.737015,1.77E+13,2.444252493,N2,13.80352475,2.668320527,8/6/19 11:24,11:24:26,NaN,NaN,33.73929977,12.64439539
PFJ08H,1.917706124,1.842443143,10.7823431,10.40319838,0.04596323,1000,0.02867829,9.040776,113.4941299,1.22E+12,2.412092073,N2,17.71035287,2.692163145,8/21/19 13:47,13:47:38,NaN,NaN,42.71900177,15.86790973
PFJ08I1,1.765503971,1.710397581,13.16858558,12.81021032,1.086466,1000,0.7521793,6.666355,327.9696987,1.35E+11,2.285813916,N2,13.3518306,2.621653205,8/6/19 11:08,11:08:45,NaN,NaN,30.51980019,11.64143302
PFJ08J,1.620549426,1.560533235,11.40213677,11.02642619,0.08653313,1000,0.0407105,16.88359,1350.253314,1.02E+13,2.396537948,N2,14.15266568,2.693539042,8/6/19 10:52,10:52:51,NaN,NaN,33.91740036,12.59213244
PFJ08K,1.462781366,1.410124691,11.70133415,11.32782888,0.1896287,1000,0.1036458,12.44376,518.9877875,1.55E+12,2.382811036,N2,12.44832268,2.687214045,8/5/19 16:06,16:06:26,NaN,NaN,29.66200066,11.03819799
PFJ08L,1.380640494,1.33048865,11.60621507,11.23197224,0.5753104,1000,0.3688,8.399283,153.7877749,1.29E+11,2.503894302,N2,11.84554788,2.820716383,8/6/19 10:05,10:05:12,NaN,NaN,29.65999985,10.51505923
PFJ08N,,,,,,,,,,,,,,,,,,,,
PFJ08M,1.291742574,1.238369032,10.22200574,9.841208095,0.5232146,1000,0.3297614,8.79969,37.45950118,3.51E+10,2.37080188,N2,12.58350621,2.629584791,8/5/19 15:04,15:04:29,NaN,NaN,29.83300018,11.34513718
PFJ09A,0.6018626625,0.5614402966,4.26596637,3.99088942,0.01502807,1000,0.006334178,20.58806,466.805655,2.28E+13,2.464449555,N2,14.06804944,2.56689135,8/6/19 12:14,12:14:16,NaN,NaN,34.66999817,13.50660914
PFJ09B,0.5525053174,0.5154353459,4.279944805,4.004283497,0.02075971,1000,0.005134948,45.64241,216.5337301,1.30E+13,2.426783697,N2,12.87209925,2.528012484,8/6/19 12:52,12:52:21,NaN,NaN,31.2378006,12.3566639
PFJ09C,0.5171971272,0.4808757416,3.63982469,3.392882159,0.03318986,1000,0.01320231,22.70915,154072.4359,3.60E+15,2.431293127,N2,14.17307525,2.516681153,8/6/19 13:07,13:07:48,NaN,NaN,34.45890045,13.69219951
PFJ09D,3.370014054,3.283898236,15.15684778,14.82696303,1.916728,1000,1.408749,5.408833,182.1645798,3.99E+10,2.250436045,N2,22.14815151,2.642193029,8/21/19 18:14,18:14:57,NaN,NaN,49.8429985,18.86425328
PFJ09E,0.8552135634,0.8067991725,6.523779282,6.177276131,0.1609094,1000,0.1465025,1.47509,9.956289568,2.10E+10,2.870001703,N2,13.06075939,3.058962248,8/6/19 13:23,13:23:14,NaN,NaN,37.4844017,12.25396022
PFJ09F,0.6426205325,0.59947189,4.269530385,3.994304265,0.09783568,1000,0.08408111,2.453804,3.309736826,1.22E+10,2.451331914,N2,15.00816789,2.553319254,8/6/19 13:38,13:38:40,NaN,NaN,36.79000092,14.408696
PFJ09G,0.6045637452,0.5644180519,4.422562091,4.141045828,0.02600221,1000,0.008255328,32.24624,25238.90849,9.44E+14,2.511510829,N2,13.62984317,2.620006499,8/6/19 15:03,15:03:42,NaN,NaN,34.23149872,13.06542512
PFJ09H,0.9536671451,0.8991915875,6.410086003,6.066139506,0.5938164,1000,0.3782635,8.547726,23.177617,1.89E+10,2.65547871,N2,14.82312741,2.826966438,8/6/19 15:19,15:19:46,NaN,NaN,39.36249924,13.92393582
PFJ09I,,,,,,,,,,,,,,,,,,,,
PFJ09J1,0.7672537548,0.7180379626,4.894039735,4.594533265,0.07727131,1000,0.03667224,16.60618,42.10031701,3.55E+11,2.51870126,N2,15.62809368,2.639996791,8/6/19 15:35,15:35:15,NaN,NaN,39.36249924,14.91005571
PFJ09J2,0.9164602724,0.8621542051,5.940575272,5.608300768,0.1525564,1000,0.0775643,14.50257,449.5493618,1.79E+12,2.443688855,N2,15.37282397,2.588881094,8/6/19 15:50,15:50:48,NaN,NaN,37.56639862,14.51066977
PFJ09K,1.34719842,1.283406866,8.683803724,8.30677114,0.03061083,1000,0.008742225,37.52237,194.6741866,6.88E+12,2.431461793,N2,15.4501291,2.651735383,8/6/19 16:06,16:06:37,NaN,NaN,37.56639862,14.16672224
PFJ09L,1.40138845,1.338618589,9.321427064,8.941240497,0.1350157,1000,0.06888601,14.39981,411.6465692,1.85E+12,2.424855315,N2,14.97128491,2.662956675,8/6/19 16:22,16:22:44,NaN,NaN,36.30319977,13.63266632
PFJ09M1,2.304818521,2.225802766,12.20972602,11.84070511,0.5238021,1000,0.333585,8.553309,326.0714806,3.02E+11,2.354785483,N2,18.79789038,2.671057529,8/21/19 17:45,17:45:34,NaN,NaN,44.26499939,16.57208762
PFJ09M2,1.330375582,1.271626163,9.481897478,9.10128563,0.8777311,1000,0.6130948,6.474603,12.00624702,6.05E+09,2.363916515,N2,13.97193995,2.600605005,8/6/19 16:46,16:46:51,NaN,NaN,33.0284996,12.70031379
PFJ11A1,1.473286824,1.398106169,7.80103298,7.432539961,0.1406874,1000,0.0758235,12.83189,1416.453689,5.77E+12,2.519322725,N2,18.81061085,2.721607273,8/7/19 9:28,9:28:46,NaN,NaN,47.38999939,17.41250468
PFJ11A2,2.367665776,2.286272095,12.18129217,11.8119974,109.8339,1000,101.0858,1.298123,29.97055178,9.16E+07,2.413783268,N2,19.35550794,2.737088036,8/7/19 9:45,9:45:25,NaN,NaN,46.72000122,17.06923585
PFJ11B,1.51587071,1.449932669,9.651578901,9.270671034,6.836338,1000,5.637474,3.189896,1343.029369,7.36E+10,2.462276584,N2,15.63999697,2.7138706,8/7/19 10:00,10:00:17,NaN,NaN,38.50999832,14.1900643
PFJ11C1,,,,,,,,,,,,,,,,,,,,
PFJ11C2,4.270857225,4.216769072,23.91033091,23.67922265,544.087,1000,519.2915,0.7162287,21.60481314,1.28E+07,1.850135262,N2,17.80788641,2.424156732,8/21/19 15:41,15:41:29,NaN,NaN,32.9469986,13.59111734
PFJ11D,2.53742046,2.478691883,16.1286378,15.81437522,47.54276,1000,42.75777,1.678639,1454.961302,1.05E+10,2.298696817,N2,15.67366303,2.730509898,8/21/19 15:04,15:04:59,NaN,NaN,36.02899933,13.19497115
PFJ11E1,0.4839964666,0.4482839541,2.926289385,2.71623301,0.02191465,1000,0.006657785,34.37375,59604.1516,2.76E+15,2.661797637,N2,16.50388433,2.736116949,8/21/19 14:42,14:42:29,NaN,NaN,43.93000031,16.05560037
PFJ11E2,0.7620866473,0.7126394014,4.739099426,4.445276462,0.02407256,1000,0.006291373,42.3942,207.9139735,1.02E+13,2.559354527,N2,16.03138539,2.678417594,8/21/19 10:49,10:49:31,NaN,NaN,41.02999878,15.31874599
PFJ11F,1.3771175,1.303948818,7.31182647,6.950337613,0.1076811,1000,0.04827818,18.45646,262.2799377,1.68E+12,2.05266868,N2,18.76094214,2.205992614,8/7/19 10:15,10:15:03,NaN,NaN,38.50999832,17.45699332
PFJ11G,0.4012134875,0.3704680428,2.365421176,2.188122567,0.01175014,1000,0.003191618,40.22345,15078.73778,1.46E+15,2.627745592,N2,16.9308634,2.686530165,8/7/19 10:31,10:31:09,NaN,NaN,44.49000168,16.56039536
PFJ11H,0.198909524,0.1820150226,0.7679572357,0.7031889894,0.007848565,1000,0.001324999,73.85177,283.9158732,6.62E+13,2.702997498,N2,25.88422534,2.722139282,8/21/19 16:34,16:34:56,NaN,NaN,69.96499634,25.70221032
PFJ11I,0.8738422353,0.8203723225,5.52221607,5.201892049,0.04722457,1000,0.01554062,30.58176,173.515839,3.45E+12,2.479922781,N2,15.77065258,2.616004512,8/7/19 10:46,10:46:03,NaN,NaN,39.11000061,14.95028026
PFJ11J,1.861054212,1.786135888,10.50711765,10.12697906,0.2421919,1000,0.129563,13.03948,1313.613316,3.13E+12,2.451041396,N2,17.63740083,2.727227115,8/7/19 11:03,11:03:15,NaN,NaN,43.22999954,15.85126494
PFJ11K,0.8772752621,0.8212970764,4.964832464,4.662802581,0.05158759,1000,0.01746562,29.30497,169.5102466,3.00E+12,2.454324498,N2,17.61380762,2.574361911,8/7/19 11:22,11:22:57,NaN,NaN,43.22999954,16.79251055
PFJ12A,2.959577054,2.906151152,18.63307523,18.35846424,28.08635,1000,24.83082,1.966625,23.06170736,2.87E+08,2.192035754,N2,15.83003411,2.684951641,8/7/19 12:01,12:01:12,NaN,NaN,34.70000076,12.92388296
PFJ12B,3.332570566,3.274596983,19.02870256,18.75977762,24.3096,1000,21.32492,2.099433,66.07875572,9.57E+08,2.217077131,N2,17.45541471,2.729038727,8/7/19 12:18,12:18:57,NaN,NaN,38.70000076,14.18081773
PFJ12C1,2.846510204,2.759491425,13.37834651,13.02262595,29.20703,1000,25.96614,1.872183,140.019945,1.67E+09,2.331762803,N2,21.18997687,2.680884343,8/7/19 12:35,12:35:52,NaN,NaN,49.40999985,18.43048544
PFJ12C2,0.9066023781,0.8674635623,9.736178319,9.355180636,1.910993,1000,1.319661,6.721409,382.2617118,8.95E+10,2.358575245,N2,9.272547437,2.60199674,8/7/19 14:02,14:02:29,NaN,NaN,21.87000084,8.405083875
PFJ12D,2.301877022,2.23725019,14.22834348,13.88433651,1.54037,1000,1.059455,6.808903,93.67769654,2.73E+10,2.31545232,N2,16.11348291,2.688770226,8/7/19 12:51,12:51:27,NaN,NaN,37.31000137,13.87623272
PFJ12E,3.295345134,3.226398249,17.12616871,16.82814532,5.184875,1000,4.168913,3.655494,279.6000048,2.07E+10,2.229219407,N2,19.17263125,2.68025694,8/7/19 13:15,13:15:58,NaN,NaN,42.74000168,15.946233
PFJ12F,1.793509704,1.756418401,17.24206993,16.94591515,1.609302,1000,1.171485,5.605918,119.5942026,3.15E+10,2.15825646,N2,10.36484832,2.598615666,8/7/19 14:46,14:46:02,NaN,NaN,22.37000084,8.608429917
PFJ12G,2.060220109,1.982334185,11.18357544,10.80647298,0.307589,1000,0.1796383,10.68403,478.6908275,8.23E+11,2.386072596,N2,18.34395171,2.675163406,8/7/19 13:30,13:30:19,NaN,NaN,43.77000046,16.36161752
PFJ12H,2.473370374,2.392517182,12.69892305,12.33500709,0.6162147,1000,0.3655026,10.28907,397.9739915,3.36E+11,2.356137033,N2,19.39615571,2.687660096,8/7/19 13:46,13:46:22,NaN,NaN,45.70000076,17.00363853
PFJ11_1_A,,,37.99938464,37.99938464,,,222,,,,,,,2.639,,,,,,
PFJ11_1_B,,,,,,,,,,,,,,,,,,,,
PFJ11_1_C,,,41.4414135,41.4414135,,,195,,,,,,,2.631,,,,,,
PFJ11_1_D,,,29.63995534,29.63995534,,,69.5,,,,,,,2.663,,,,,,
PFJ11_1_E,,,,,,,,,,,,,,,,,,,,
PFJ11_1_F,,,17.47324609,17.47324609,,,2.3,,,,,,,2.639,,,,,,
PFJ11_1_G,,,46.66828082,46.66828082,,,784,,,,,,,2.63,,,,,,
PFJ11_1_H,,,48.42478443,48.42478443,,,617,,,,,,,2.625,,,,,,